laptop_time_iso,esp_ms,ax,ay,az,motion,state
2026-03-13T22:36:44.535800,229509,-640,1164,16736,120.30,IDLE
2026-03-13T22:36:44.558679,229609,-860,1128,16688,105.93,IDLE
2026-03-13T22:36:44.658933,229709,-1424,1100,16976,144.99,IDLE
2026-03-13T22:36:44.758947,229809,-512,908,16772,166.90,IDLE
2026-03-13T22:36:44.858889,229909,-1376,1256,16900,172.50,IDLE
2026-03-13T22:36:44.958733,230009,-744,1224,16788,169.06,IDLE
2026-03-13T22:36:45.058740,230109,-532,1088,16456,201.36,IDLE
2026-03-13T22:36:45.158796,230209,-1120,1192,16872,246.22,IDLE
2026-03-13T22:36:45.258745,230309,-980,1028,16988,219.21,IDLE
2026-03-13T22:36:45.358845,230409,-1152,1136,16868,198.09,IDLE
2026-03-13T22:36:45.460351,230509,-380,1088,16728,194.43,IDLE
2026-03-13T22:36:45.558733,230609,-364,1072,16476,204.94,IDLE
2026-03-13T22:36:45.658642,230709,-780,892,16648,199.60,IDLE
2026-03-13T22:36:45.758673,230809,-896,988,16664,168.56,IDLE
2026-03-13T22:36:45.858784,230909,-828,1060,16720,148.43,IDLE
2026-03-13T22:36:45.958717,231009,-708,1164,16552,151.60,IDLE
2026-03-13T22:36:46.058683,231109,-632,1180,16704,151.23,IDLE
2026-03-13T22:36:46.158909,231209,-1168,1072,16772,140.07,IDLE
2026-03-13T22:36:46.258918,231309,-1016,1316,16896,138.41,IDLE
2026-03-13T22:36:46.358618,231409,-660,780,16452,202.40,IDLE
2026-03-13T22:36:46.460276,231509,-800,1068,16688,212.33,IDLE
2026-03-13T22:36:46.558744,231609,-960,1052,17108,250.77,IDLE
2026-03-13T22:36:46.659042,231709,-1008,1000,16888,245.16,IDLE
2026-03-13T22:36:46.758807,231809,-552,936,16640,250.02,IDLE
2026-03-13T22:36:46.859004,231909,-1236,1212,17008,280.69,IDLE
2026-03-13T22:36:46.958680,232009,-884,1052,16672,296.29,IDLE
2026-03-13T22:36:47.058738,232109,-80,1132,16228,325.92,IDLE
2026-03-13T22:36:47.158681,232209,-152,1228,16268,275.78,IDLE
2026-03-13T22:36:47.258953,232309,-696,1264,16696,305.92,IDLE
2026-03-13T22:36:47.358655,232409,-408,1072,16496,290.89,IDLE
2026-03-13T22:36:47.460509,232509,-736,1160,16652,269.62,IDLE
2026-03-13T22:36:47.559008,232609,-276,1292,16236,296.49,IDLE
2026-03-13T22:36:47.658882,232709,-68,956,16312,252.21,IDLE
2026-03-13T22:36:47.758715,232809,-740,1108,16572,258.17,IDLE
2026-03-13T22:36:47.858743,232909,-832,1172,16796,253.45,IDLE
2026-03-13T22:36:47.958728,233009,-828,1104,16840,214.86,IDLE
2026-03-13T22:36:48.058839,233109,-872,1088,16744,193.19,IDLE
2026-03-13T22:36:48.158842,233209,-908,1048,16844,176.24,IDLE
2026-03-13T22:36:48.258621,233309,-1136,1156,16968,170.48,IDLE
2026-03-13T22:36:48.358738,233409,-932,1128,16880,158.14,IDLE
2026-03-13T22:36:48.460280,233509,-1304,1040,17104,173.21,IDLE
2026-03-13T22:36:48.558765,233609,-536,888,16800,205.60,IDLE
2026-03-13T22:36:48.658895,233709,-1112,1368,16432,223.61,IDLE
2026-03-13T22:36:48.758523,233809,-656,1116,16816,244.46,IDLE
2026-03-13T22:36:48.858786,233909,-772,960,16628,235.05,IDLE
2026-03-13T22:36:48.958630,234009,-452,1236,16420,228.91,IDLE
2026-03-13T22:36:49.058650,234109,-1020,1076,16836,264.84,IDLE
2026-03-13T22:36:49.158680,234209,-900,1056,16744,235.12,IDLE
2026-03-13T22:36:49.258733,234309,-768,1212,16672,205.00,IDLE
2026-03-13T22:36:49.358581,234409,-500,932,16536,197.59,IDLE
2026-03-13T22:36:49.460150,234509,-568,1080,16596,174.81,IDLE
2026-03-13T22:36:49.558671,234609,-1056,1116,16844,192.50,IDLE
2026-03-13T22:36:49.658556,234709,-1028,844,16956,174.80,IDLE
2026-03-13T22:36:49.758767,234809,-728,1348,16652,194.77,IDLE
2026-03-13T22:36:49.858613,234909,-900,1000,16864,194.86,IDLE
2026-03-13T22:36:49.958504,235009,-808,1132,16472,229.44,IDLE
2026-03-13T22:36:50.058661,235109,-480,1180,16396,203.48,IDLE
2026-03-13T22:36:50.158882,235209,-460,1096,16764,231.77,IDLE
2026-03-13T22:36:50.258841,235309,-1304,-56,16632,212.18,IDLE
2026-03-13T22:36:50.358481,235409,-68,704,16640,179.05,IDLE
2026-03-13T22:36:50.460181,235509,-1052,1048,16884,199.77,IDLE
2026-03-13T22:36:50.558760,235609,-1064,964,16772,184.66,IDLE
2026-03-13T22:36:50.658665,235709,-616,1460,16696,162.64,IDLE
2026-03-13T22:36:50.758543,235809,-924,780,16804,147.12,IDLE
2026-03-13T22:36:50.858643,235909,-468,724,16472,184.16,IDLE
2026-03-13T22:36:50.958343,236009,-516,920,16532,163.80,IDLE
2026-03-13T22:36:51.058893,236109,-2024,1180,17344,302.78,IDLE
2026-03-13T22:36:51.158781,236209,-280,1300,16440,429.69,IDLE
2026-03-13T22:36:51.258800,236309,-832,1232,16700,401.37,IDLE
2026-03-13T22:36:51.358692,236409,-868,988,16536,361.13,IDLE
2026-03-13T22:36:51.460148,236509,-424,1548,16752,339.42,IDLE
2026-03-13T22:36:51.558416,236609,-1256,840,16512,322.91,IDLE
2026-03-13T22:36:51.658565,236709,-508,632,16776,303.41,IDLE
2026-03-13T22:36:51.758818,236809,-1496,1080,16692,249.14,IDLE
2026-03-13T22:36:51.858386,236909,-496,1340,16820,219.94,IDLE
2026-03-13T22:36:51.958606,237009,-1364,944,16616,213.11,IDLE
2026-03-13T22:36:52.058704,237109,-336,1116,16840,207.45,IDLE
2026-03-13T22:36:52.158698,237209,-1388,1008,16624,200.35,IDLE
2026-03-13T22:36:52.258531,237309,-224,948,16736,173.66,IDLE
2026-03-13T22:36:52.358626,237409,-1032,1248,16496,176.43,IDLE
2026-03-13T22:36:52.460124,237509,-644,1192,16716,179.86,IDLE
2026-03-13T22:36:52.558746,237609,-744,820,16684,156.51,IDLE
2026-03-13T22:36:52.658762,237709,-956,1320,16708,140.33,IDLE
2026-03-13T22:36:52.758774,237809,-512,1188,16692,123.21,IDLE
2026-03-13T22:36:52.858737,237909,-1240,972,16736,113.26,IDLE
2026-03-13T22:36:52.958591,238009,-580,1000,16860,109.00,IDLE
2026-03-13T22:36:53.058847,238109,-1296,1188,16872,100.86,IDLE
2026-03-13T22:36:53.158700,238209,-572,1040,16676,126.84,IDLE
2026-03-13T22:36:53.258692,238309,-776,1076,16524,129.39,IDLE
2026-03-13T22:36:53.358638,238409,-752,1036,16688,134.87,IDLE
2026-03-13T22:36:53.460075,238509,-952,1096,16632,118.12,IDLE
2026-03-13T22:36:53.558696,238609,-828,1136,16708,109.78,IDLE
2026-03-13T22:36:53.658734,238709,-5356,1084,17252,329.37,IDLE
2026-03-13T22:36:53.758722,238809,-2284,2108,18276,349.58,IDLE
2026-03-13T22:36:53.858532,238909,-980,912,17148,527.54,IDLE
2026-03-13T22:36:53.958483,239009,-720,1584,16560,531.40,IDLE
2026-03-13T22:36:54.058398,239109,-668,1028,16840,477.76,IDLE
2026-03-13T22:36:54.158694,239209,-1280,1192,17248,473.11,IDLE
2026-03-13T22:36:54.258626,239309,-640,920,16272,572.61,IDLE
2026-03-13T22:36:54.358384,239409,-940,1444,16804,574.22,IDLE
2026-03-13T22:36:54.460074,239509,-1844,1888,16568,491.60,IDLE
2026-03-13T22:36:54.558553,239609,3184,556,13236,970.46,IDLE
2026-03-13T22:36:54.658348,239709,-472,2156,16116,1271.25,IDLE
2026-03-13T22:36:54.758795,239809,-1040,1840,16656,1136.59,IDLE
2026-03-13T22:36:54.858354,239909,-1120,1568,16692,934.40,IDLE
2026-03-13T22:36:54.958519,240009,-2256,1056,17524,927.72,IDLE
2026-03-13T22:36:55.058636,240109,-344,4084,16252,929.81,IDLE
2026-03-13T22:36:55.158689,240209,-456,1308,16128,865.66,IDLE
2026-03-13T22:36:55.258605,240309,-916,1064,16940,855.77,IDLE
2026-03-13T22:36:55.358585,240409,-904,1272,16844,716.48,IDLE
2026-03-13T22:36:55.460151,240509,-1124,1232,16832,587.82,IDLE
2026-03-13T22:36:55.558663,240609,-164,964,16572,538.46,IDLE
2026-03-13T22:36:55.658813,240709,-972,1496,16824,498.69,IDLE
2026-03-13T22:36:55.758695,240809,-520,1668,16780,417.50,IDLE
2026-03-13T22:36:55.858635,240909,-1104,1484,16648,364.00,IDLE
2026-03-13T22:36:55.958513,241009,-360,1528,16668,300.04,IDLE
2026-03-13T22:36:56.059045,241109,-1048,1396,16656,247.01,IDLE
2026-03-13T22:36:56.158684,241209,-348,1532,16656,205.66,IDLE
2026-03-13T22:36:56.258697,241309,-984,1376,16752,187.95,IDLE
2026-03-13T22:36:56.358502,241409,-652,1260,16792,156.75,IDLE
2026-03-13T22:36:56.460082,241509,-856,1280,16724,138.81,IDLE
2026-03-13T22:36:56.558614,241609,-816,1340,16780,124.35,IDLE
2026-03-13T22:36:56.658661,241709,-660,1260,16692,120.09,IDLE
2026-03-13T22:36:56.758686,241809,-964,1348,16852,131.02,IDLE
2026-03-13T22:36:56.858705,241909,-672,1308,16676,142.10,IDLE
2026-03-13T22:36:56.958546,242009,-864,1404,16648,118.55,IDLE
2026-03-13T22:36:57.058879,242109,-632,1492,16700,106.03,IDLE
2026-03-13T22:36:57.158570,242209,-912,1388,16872,118.47,IDLE
2026-03-13T22:36:57.258574,242309,-720,1388,16712,127.48,IDLE
2026-03-13T22:36:57.358631,242409,-836,1396,16696,106.32,IDLE
2026-03-13T22:36:57.460192,242509,-736,1384,16684,90.35,IDLE
2026-03-13T22:36:57.558310,242609,-804,1268,16740,83.04,IDLE
2026-03-13T22:36:57.658156,242709,-776,1352,16768,74.05,IDLE
2026-03-13T22:36:57.758385,242809,-796,1308,16768,61.18,IDLE
2026-03-13T22:36:57.858515,242909,-828,1296,16756,52.21,IDLE
2026-03-13T22:36:57.958233,243009,-680,1368,16680,56.60,IDLE
2026-03-13T22:36:58.058488,243109,-872,1348,16788,67.07,IDLE
2026-03-13T22:36:58.158166,243209,-752,1308,16680,75.97,IDLE
2026-03-13T22:36:58.258367,243309,-800,1372,16876,98.74,IDLE
2026-03-13T22:36:58.358500,243409,-744,1332,16804,94.91,IDLE
2026-03-13T22:36:58.459977,243509,-768,1392,16648,104.71,IDLE
2026-03-13T22:36:58.558210,243609,-812,1384,16700,95.44,IDLE
2026-03-13T22:36:58.658554,243709,-828,1356,16876,109.53,IDLE
2026-03-13T22:36:58.758260,243809,-692,1320,16780,108.63,IDLE
2026-03-13T22:36:58.858525,243909,-688,1316,16820,96.16,IDLE
2026-03-13T22:36:58.958243,244009,-792,1356,16780,84.63,IDLE
2026-03-13T22:36:59.058209,244109,-804,1420,16732,76.95,IDLE
2026-03-13T22:36:59.158453,244209,-828,1288,16696,71.26,IDLE
2026-03-13T22:36:59.258273,244309,-776,1352,16720,63.19,IDLE
2026-03-13T22:36:59.358378,244409,-844,180,14936,381.50,IDLE
2026-03-13T22:36:59.460036,244509,-376,1868,17116,719.78,IDLE
2026-03-13T22:36:59.558491,244609,-140,1692,16864,639.27,IDLE
2026-03-13T22:36:59.658639,244709,-580,1220,16712,557.09,IDLE
2026-03-13T22:36:59.758606,244809,-832,1324,16684,458.51,IDLE
2026-03-13T22:36:59.858486,244909,-636,1176,16576,398.89,IDLE
2026-03-13T22:36:59.958375,245009,-908,1284,16692,351.58,IDLE
2026-03-13T22:37:00.058665,245109,-708,1304,16688,290.47,IDLE
2026-03-13T22:37:00.158594,245209,-824,1192,16676,240.89,IDLE
2026-03-13T22:37:00.258482,245309,-700,1304,16724,206.62,IDLE
2026-03-13T22:37:00.358135,245409,-604,1304,16692,175.84,IDLE
2026-03-13T22:37:00.460011,245509,-848,1292,16660,148.19,IDLE
2026-03-13T22:37:00.558311,245609,-800,1388,16740,136.81,IDLE
2026-03-13T22:37:00.658454,245709,-900,1248,16820,125.46,IDLE
2026-03-13T22:37:00.758291,245809,-708,1448,16744,115.26,IDLE
2026-03-13T22:37:00.858585,245909,-816,1220,16720,101.19,IDLE
2026-03-13T22:37:00.958209,246009,-808,1248,16636,97.74,IDLE
2026-03-13T22:37:01.058364,246109,-780,1268,16704,92.37,IDLE
2026-03-13T22:37:01.158117,246209,-724,1252,16700,77.13,IDLE
2026-03-13T22:37:01.258325,246309,-800,1268,16852,91.34,IDLE
2026-03-13T22:37:01.358418,246409,-696,1316,16636,113.79,IDLE
2026-03-13T22:37:01.459879,246509,-740,1256,16712,106.44,IDLE
2026-03-13T22:37:01.558330,246609,-828,1240,16804,104.31,IDLE
2026-03-13T22:37:01.658393,246709,-752,1328,16732,97.87,IDLE
2026-03-13T22:37:01.758325,246809,-824,1276,16776,88.03,IDLE
2026-03-13T22:37:01.858297,246909,-684,1264,16776,73.47,IDLE
2026-03-13T22:37:01.958173,247009,-852,1324,16804,67.47,IDLE
2026-03-13T22:37:02.058221,247109,-708,1300,16808,56.15,IDLE
2026-03-13T22:37:02.158359,247209,-848,1244,16752,55.68,IDLE
2026-03-13T22:37:02.258260,247309,-724,1236,16828,58.14,IDLE
2026-03-13T22:37:02.358395,247409,-812,1304,16692,70.41,IDLE
2026-03-13T22:37:02.460039,247509,-804,1272,16784,73.72,IDLE
2026-03-13T22:37:02.558230,247609,-836,1396,16716,70.58,IDLE
2026-03-13T22:37:02.658203,247709,-768,1324,16752,62.70,IDLE
2026-03-13T22:37:02.758297,247809,-852,1284,16832,65.92,IDLE
2026-03-13T22:37:02.858170,247909,-848,1292,16800,59.72,IDLE
2026-03-13T22:37:02.958105,248009,-696,1332,16784,52.53,IDLE
2026-03-13T22:37:03.058293,248109,-868,1352,16668,62.14,IDLE
2026-03-13T22:37:03.158185,248209,-740,1264,16784,69.41,IDLE
2026-03-13T22:37:03.258218,248309,-768,1272,16720,68.06,IDLE
2026-03-13T22:37:03.358277,248409,-768,1332,16744,60.94,IDLE
2026-03-13T22:37:03.459820,248509,-820,1256,16772,54.38,IDLE
2026-03-13T22:37:03.558269,248609,-760,1308,16704,56.58,IDLE
2026-03-13T22:37:03.658366,248709,-828,1344,16728,51.79,IDLE
2026-03-13T22:37:03.758244,248809,-744,1204,16756,44.87,IDLE
2026-03-13T22:37:03.858384,248909,-808,1288,16700,45.18,IDLE
2026-03-13T22:37:03.958135,249009,-788,1308,16764,48.63,IDLE
2026-03-13T22:37:04.058007,249109,-828,1344,16776,42.88,IDLE
2026-03-13T22:37:04.158412,249209,-784,1328,16724,45.09,IDLE
2026-03-13T22:37:04.258209,249309,-804,1252,16696,42.87,IDLE
2026-03-13T22:37:04.358271,249409,-792,1280,16672,39.18,IDLE
2026-03-13T22:37:04.459849,249509,-796,1236,16760,47.35,IDLE
2026-03-13T22:37:04.558049,249609,-744,1292,16716,46.38,IDLE
2026-03-13T22:37:04.658397,249709,-664,1308,16700,41.29,IDLE
2026-03-13T22:37:04.758224,249809,-772,1404,16676,35.92,IDLE
2026-03-13T22:37:04.857987,249909,-860,1268,16760,43.33,IDLE
2026-03-13T22:37:04.958111,250009,-796,1340,16732,40.11,IDLE
2026-03-13T22:37:05.058317,250109,-788,1320,16760,37.56,IDLE
2026-03-13T22:37:05.158276,250209,-740,1264,16740,35.55,IDLE
2026-03-13T22:37:05.258312,250309,-800,1308,16752,32.40,IDLE
2026-03-13T22:37:05.358433,250409,-700,1328,16772,29.64,IDLE
2026-03-13T22:37:05.459724,250509,-940,1204,16736,30.33,IDLE
2026-03-13T22:37:05.558313,250609,-740,1332,16696,32.10,IDLE
2026-03-13T22:37:05.658416,250709,-780,1272,16696,26.84,IDLE
2026-03-13T22:37:05.758198,250809,-788,1220,16756,32.14,IDLE
2026-03-13T22:37:05.858081,250909,-836,1344,16704,33.55,IDLE
2026-03-13T22:37:05.958138,251009,-856,1376,16720,31.03,IDLE
2026-03-13T22:37:06.058137,251109,-680,1328,16696,31.89,IDLE
2026-03-13T22:37:06.158301,251209,-772,1288,16756,37.06,IDLE
2026-03-13T22:37:06.258257,251309,-700,1160,16788,33.89,IDLE
2026-03-13T22:37:06.358360,251409,-720,1048,16712,42.60,IDLE
2026-03-13T22:37:06.459803,251509,-692,1356,16808,55.90,IDLE
2026-03-13T22:37:06.557980,251609,-856,1456,16764,50.87,IDLE
2026-03-13T22:37:06.658253,251709,-764,1240,16884,59.32,IDLE
2026-03-13T22:37:06.758132,251809,-992,1184,16796,63.01,IDLE
2026-03-13T22:37:06.858277,251909,-608,1328,16660,77.41,IDLE
2026-03-13T22:37:06.958060,252009,-536,1312,16512,90.69,IDLE
2026-03-13T22:37:07.058164,252109,-616,1344,16640,98.27,IDLE
2026-03-13T22:37:07.158441,252209,-1028,1212,16924,133.31,IDLE
2026-03-13T22:37:07.258293,252309,-736,1312,16688,153.01,IDLE
2026-03-13T22:37:07.358245,252409,-748,1264,16660,131.06,IDLE
2026-03-13T22:37:07.459795,252509,-836,1368,16784,131.91,IDLE
2026-03-13T22:37:07.558527,252609,-732,1304,16792,108.52,IDLE
2026-03-13T22:37:07.658221,252709,-864,1236,16792,89.19,IDLE
2026-03-13T22:37:07.758088,252809,-772,1240,16896,91.03,IDLE
2026-03-13T22:37:07.858428,252909,-884,1404,16824,84.26,IDLE
2026-03-13T22:37:07.957853,253009,-792,1240,16740,87.29,IDLE
2026-03-13T22:37:08.058512,253109,-1108,1300,16904,104.97,IDLE
2026-03-13T22:37:08.158186,253209,-500,1308,16596,146.40,IDLE
2026-03-13T22:37:08.258223,253309,-768,1288,16656,132.36,IDLE
2026-03-13T22:37:08.358196,253409,-792,1312,16652,108.71,IDLE
2026-03-13T22:37:08.459705,253509,-656,1172,16712,96.98,IDLE
2026-03-13T22:37:08.558274,253609,-968,1344,16908,119.67,IDLE
2026-03-13T22:37:08.658254,253709,-760,1332,16736,131.04,IDLE
2026-03-13T22:37:08.758246,253809,-792,1264,16708,113.15,IDLE
2026-03-13T22:37:08.858161,253909,-780,1372,16656,100.67,IDLE
2026-03-13T22:37:08.958071,254009,-828,1284,16772,102.50,IDLE
2026-03-13T22:37:09.057898,254109,-712,1268,16724,93.83,IDLE
2026-03-13T22:37:09.158163,254209,-836,1328,16776,88.13,IDLE
2026-03-13T22:37:09.258086,254309,-680,1200,16768,76.69,IDLE
2026-03-13T22:37:09.358020,254409,-800,1320,16704,71.79,IDLE
2026-03-13T22:37:09.459725,254509,-808,1416,16692,59.54,IDLE
2026-03-13T22:37:09.558396,254609,-764,1280,16740,55.09,IDLE
2026-03-13T22:37:09.658204,254709,-868,1124,16812,56.99,IDLE
2026-03-13T22:37:09.758114,254809,-712,1292,16696,66.68,IDLE
2026-03-13T22:37:09.858059,254909,-812,1276,16700,55.99,IDLE
2026-03-13T22:37:09.957937,255009,-724,1316,16756,55.78,IDLE
2026-03-13T22:37:10.057954,255109,-780,1240,16660,63.55,IDLE
2026-03-13T22:37:10.158173,255209,-800,1388,16756,71.57,IDLE
2026-03-13T22:37:10.258119,255309,-732,1228,16668,77.27,IDLE
2026-03-13T22:37:10.358150,255409,-832,1404,16740,79.59,IDLE
2026-03-13T22:37:10.459768,255509,-792,1340,16700,73.72,IDLE
2026-03-13T22:37:10.558005,255609,-776,1324,16712,62.24,IDLE
2026-03-13T22:37:10.658118,255709,-828,1292,16812,68.96,IDLE
2026-03-13T22:37:10.758171,255809,-1040,1276,17012,94.27,IDLE
2026-03-13T22:37:10.857855,255909,-736,1080,16508,173.02,IDLE
2026-03-13T22:37:10.958023,256009,-860,1196,16852,206.07,IDLE
2026-03-13T22:37:11.058190,256109,-908,1140,16828,173.52,IDLE
2026-03-13T22:37:11.158207,256209,-576,1388,16760,153.77,IDLE
2026-03-13T22:37:11.258143,256309,-944,1276,16744,127.56,IDLE
2026-03-13T22:37:11.358199,256409,-648,1204,16900,129.11,IDLE
2026-03-13T22:37:11.459586,256509,-844,1272,16596,157.92,IDLE
2026-03-13T22:37:11.558146,256609,-668,1368,16812,168.14,IDLE
2026-03-13T22:37:11.658265,256709,-720,1404,16544,184.99,IDLE
2026-03-13T22:37:11.758135,256809,-828,1248,16580,156.81,IDLE
2026-03-13T22:37:11.858131,256909,-676,1268,16632,136.94,IDLE
2026-03-13T22:37:11.957992,257009,-832,1340,16672,121.74,IDLE
2026-03-13T22:37:12.058279,257109,-700,1220,16664,104.00,IDLE
2026-03-13T22:37:12.158057,257209,-848,1256,16708,94.88,IDLE
2026-03-13T22:37:12.258062,257309,-716,1336,16800,94.30,IDLE
2026-03-13T22:37:12.358199,257409,-788,1368,16596,112.84,IDLE
2026-03-13T22:37:12.459727,257509,-792,1200,16716,111.76,IDLE
2026-03-13T22:37:12.557951,257609,-116,944,16796,99.77,IDLE
2026-03-13T22:37:12.658210,257709,-544,1152,16276,171.30,IDLE
2026-03-13T22:37:12.758096,257809,-776,1208,16788,234.69,IDLE
2026-03-13T22:37:12.858158,257909,-808,1132,16700,208.91,IDLE
2026-03-13T22:37:12.958042,258009,-740,1332,16684,172.10,IDLE
2026-03-13T22:37:13.058096,258109,-800,1264,16756,153.58,IDLE
2026-03-13T22:37:13.158101,258209,-952,1316,16800,135.96,IDLE
2026-03-13T22:37:13.258238,258309,-532,1512,16544,157.72,IDLE
2026-03-13T22:37:13.358033,258409,-828,1116,16780,168.21,IDLE
2026-03-13T22:37:13.459647,258509,-628,928,16724,151.60,IDLE
2026-03-13T22:37:13.558120,258609,-488,1156,16600,144.86,IDLE
2026-03-13T22:37:13.658133,258709,-1112,1628,16568,125.54,IDLE
2026-03-13T22:37:13.758053,258809,-704,1364,16856,146.30,IDLE
2026-03-13T22:37:13.858226,258909,-1476,1356,16652,147.60,IDLE
2026-03-13T22:37:13.957824,259009,-112,964,16692,130.39,IDLE
2026-03-13T22:37:14.057958,259109,-1412,1232,16620,107.84,IDLE
2026-03-13T22:37:14.158136,259209,-280,1404,16780,109.25,IDLE
2026-03-13T22:37:14.258023,259309,-868,964,16668,111.65,IDLE
2026-03-13T22:37:14.358198,259409,-1108,1004,16836,124.65,IDLE
2026-03-13T22:37:14.459677,259509,-704,1680,16708,119.36,IDLE
2026-03-13T22:37:14.557997,259609,-784,1600,16652,108.66,IDLE
2026-03-13T22:37:14.657964,259709,-864,1252,16784,108.14,IDLE
2026-03-13T22:37:14.757921,259809,-796,1212,16728,99.84,IDLE
2026-03-13T22:37:14.857962,259909,-872,1472,16672,87.48,IDLE
2026-03-13T22:37:14.957889,260009,-736,1420,16748,83.37,IDLE
2026-03-13T22:37:15.058084,260109,-844,1256,16716,75.54,IDLE
2026-03-13T22:37:15.157912,260209,-752,1204,16732,63.34,IDLE
2026-03-13T22:37:15.258102,260309,-1960,1500,17284,172.04,IDLE
2026-03-13T22:37:15.358205,260409,-1400,1456,17240,159.32,IDLE
2026-03-13T22:37:15.459552,260509,-832,1104,16752,229.46,IDLE
2026-03-13T22:37:15.558215,260609,-936,1216,16716,192.24,IDLE
2026-03-13T22:37:15.658237,260709,-664,1360,16764,165.89,IDLE
2026-03-13T22:37:15.758096,260809,-900,1220,16652,156.07,IDLE
2026-03-13T22:37:15.858158,260909,-788,1284,16708,137.86,IDLE
2026-03-13T22:37:15.957872,261009,-760,1256,16704,114.38,IDLE
2026-03-13T22:37:16.058094,261109,-752,1224,16696,95.71,IDLE
2026-03-13T22:37:16.157838,261209,-732,1364,16748,89.59,IDLE
2026-03-13T22:37:16.258010,261309,-800,1340,16720,78.27,IDLE
2026-03-13T22:37:16.357948,261409,-744,1416,16764,72.73,IDLE
2026-03-13T22:37:16.459676,261509,-868,1208,16796,63.53,IDLE
2026-03-13T22:37:16.557916,261609,-816,1264,16708,67.60,IDLE
2026-03-13T22:37:16.657933,261709,-744,1228,16724,57.21,IDLE
2026-03-13T22:37:16.758027,261809,-760,1516,16720,50.56,IDLE
2026-03-13T22:37:16.857883,261909,-696,1360,16748,43.58,IDLE
2026-03-13T22:37:16.957821,262009,-832,1244,16692,46.28,IDLE
2026-03-13T22:37:17.057931,262109,-760,1304,16800,57.51,IDLE
2026-03-13T22:37:17.158009,262209,-732,1368,16724,60.09,IDLE
2026-03-13T22:37:17.257858,262309,-888,1300,16720,49.61,IDLE
2026-03-13T22:37:17.357862,262409,-780,1332,16712,42.63,IDLE
2026-03-13T22:37:17.459486,262509,-776,1256,16744,39.61,IDLE
2026-03-13T22:37:17.557915,262609,-1068,1284,16908,65.11,IDLE
2026-03-13T22:37:17.657899,262709,-828,1204,16924,53.99,IDLE
2026-03-13T22:37:17.757763,262809,-896,1412,16660,88.06,IDLE
2026-03-13T22:37:17.857844,262909,-832,1304,16676,72.90,IDLE
2026-03-13T22:37:17.957703,263009,-760,1072,16812,80.60,IDLE
2026-03-13T22:37:18.057830,263109,-772,1180,16720,81.20,IDLE
2026-03-13T22:37:18.157872,263209,-784,1372,16732,71.46,IDLE
2026-03-13T22:37:18.258020,263309,-688,1332,16744,59.41,IDLE
2026-03-13T22:37:18.357834,263409,-788,1336,16692,57.19,IDLE
2026-03-13T22:37:18.459652,263509,-808,1304,16712,50.20,IDLE
2026-03-13T22:37:18.657983,263709,-892,1356,16808,51.64,IDLE
2026-03-13T22:37:18.757853,263809,-760,1368,16696,63.40,IDLE
2026-03-13T22:37:18.858053,263909,-900,1248,16784,67.33,IDLE
2026-03-13T22:37:18.957652,264009,-824,1304,16708,68.77,IDLE
2026-03-13T22:37:19.057711,264109,-900,1360,16708,57.89,IDLE
2026-03-13T22:37:19.158046,264209,-720,1384,16640,60.87,IDLE
2026-03-13T22:37:19.257800,264309,-804,1212,16768,71.15,IDLE
2026-03-13T22:37:19.357833,264409,-772,1256,16756,60.18,IDLE
2026-03-13T22:37:19.459682,264509,-712,1328,16692,60.31,IDLE
2026-03-13T22:37:19.557732,264609,-828,1240,16672,53.29,IDLE
2026-03-13T22:37:19.657889,264709,-752,1300,16660,45.68,IDLE
2026-03-13T22:37:19.757795,264809,-872,1168,16724,48.23,IDLE
2026-03-13T22:37:19.857719,264909,-716,1420,16764,48.88,IDLE
2026-03-13T22:37:19.957826,265009,-756,1288,16756,43.11,IDLE
2026-03-13T22:37:20.057711,265109,-668,1260,16672,51.47,IDLE
2026-03-13T22:37:20.157827,265209,-744,1320,16668,42.90,IDLE
2026-03-13T22:37:20.257719,265309,-660,1324,16652,38.62,IDLE
2026-03-13T22:37:20.357768,265409,-928,1196,16668,35.09,IDLE
2026-03-13T22:37:20.459703,265509,-764,1408,16688,33.84,IDLE
2026-03-13T22:37:20.557584,265609,-908,1400,16984,81.94,IDLE
2026-03-13T22:37:20.657683,265709,-704,1524,16788,102.12,IDLE
2026-03-13T22:37:20.758037,265809,-1296,1264,16664,103.48,IDLE
2026-03-13T22:37:20.857935,265909,-1052,1120,16928,127.25,IDLE
2026-03-13T22:37:20.957875,266009,-492,1300,16728,142.50,IDLE
2026-03-13T22:37:21.057800,266109,-3332,1972,18616,518.02,IDLE
2026-03-13T22:37:21.157743,266209,208,476,16276,916.19,IDLE
2026-03-13T22:37:21.257686,266309,-908,972,16712,837.78,IDLE
2026-03-13T22:37:21.357945,266409,-1272,1404,17112,768.28,IDLE
2026-03-13T22:37:21.459662,266509,-416,1532,16268,786.82,IDLE
2026-03-13T22:37:21.557714,266609,208,1184,16124,676.97,IDLE
2026-03-13T22:37:21.657510,266709,1452,528,16920,703.01,IDLE
2026-03-13T22:37:21.757726,266809,-108,-520,19232,981.28,IDLE
2026-03-13T22:37:21.857781,266909,-388,1316,9820,2482.96,IDLE
2026-03-13T22:37:21.957935,267009,380,2676,16316,3228.16,IDLE
2026-03-13T22:37:22.057602,267109,384,920,15364,2852.66,IDLE
2026-03-13T22:37:22.157728,267209,-520,1120,16632,2569.85,IDLE
2026-03-13T22:37:22.257709,267309,-704,668,16728,2121.38,IDLE
2026-03-13T22:37:22.459506,267509,-668,1000,16736,1466.85,IDLE
2026-03-13T22:37:22.557685,267609,-792,764,16812,1215.20,IDLE
2026-03-13T22:37:22.657510,267709,-72,800,16292,1092.98,IDLE
2026-03-13T22:37:22.758012,267809,7388,1348,12324,1234.62,IDLE
2026-03-13T22:37:22.858026,267909,-332,1048,16492,1389.79,IDLE
2026-03-13T22:37:22.957574,268009,-532,900,16820,1197.92,IDLE
2026-03-13T22:37:23.057823,268109,-880,972,16820,985.64,IDLE
2026-03-13T22:37:23.157596,268209,-868,904,16740,823.37,IDLE
2026-03-13T22:37:23.257873,268309,-452,952,16612,700.63,IDLE
2026-03-13T22:37:23.357510,268409,-1028,964,16764,606.51,IDLE
2026-03-13T22:37:23.459622,268509,-260,848,16812,499.54,IDLE
2026-03-13T22:37:23.557633,268609,-972,912,16684,427.30,IDLE
2026-03-13T22:37:23.657642,268709,-496,972,16748,358.73,IDLE
2026-03-13T22:37:23.757658,268809,-872,860,16768,299.41,IDLE
2026-03-13T22:37:23.857949,268909,-368,1252,16844,260.24,IDLE
2026-03-13T22:37:23.957612,269009,-728,1116,16812,218.75,IDLE
2026-03-13T22:37:24.057643,269109,-740,588,16700,204.22,IDLE
2026-03-13T22:37:24.157593,269209,-736,440,16768,178.83,IDLE
2026-03-13T22:37:24.258032,269309,-904,704,16732,150.01,IDLE
2026-03-13T22:37:24.357931,269409,-776,676,16852,143.21,IDLE
2026-03-13T22:37:24.459686,269509,-908,576,16872,121.54,IDLE
2026-03-13T22:37:24.557864,269609,-740,640,16668,137.38,IDLE
2026-03-13T22:37:24.657597,269709,-820,760,16724,124.29,IDLE
2026-03-13T22:37:24.757634,269809,-660,748,16788,112.05,IDLE
2026-03-13T22:37:24.857326,269909,-748,780,16752,97.42,IDLE
2026-03-13T22:37:24.957612,270009,-700,936,16808,91.00,IDLE
2026-03-13T22:37:25.057584,270109,-748,824,16752,85.36,IDLE
2026-03-13T22:37:25.157254,270209,-760,848,16772,73.90,IDLE
2026-03-13T22:37:25.257487,270309,-656,932,16684,76.39,IDLE
2026-03-13T22:37:25.357360,270409,-564,864,16676,65.34,IDLE
2026-03-13T22:37:25.459589,270509,-832,884,16888,93.84,IDLE
2026-03-13T22:37:25.557455,270609,-720,912,16712,109.21,IDLE
2026-03-13T22:37:25.657499,270709,-652,876,16800,104.51,IDLE
2026-03-13T22:37:25.757613,270809,-680,816,16868,97.57,IDLE
2026-03-13T22:37:25.857620,270909,-652,772,16724,106.45,IDLE
2026-03-13T22:37:25.957645,271009,-836,708,16904,120.58,IDLE
2026-03-13T22:37:26.057684,271109,-852,968,16832,109.34,IDLE
2026-03-13T22:37:26.157664,271209,-540,1048,16736,108.36,IDLE
2026-03-13T22:37:26.257649,271309,-872,372,16880,112.09,IDLE
2026-03-13T22:37:26.357661,271409,-660,820,16720,119.55,IDLE
2026-03-13T22:37:26.459497,271509,-828,944,16804,115.62,IDLE
2026-03-13T22:37:26.557665,271609,-820,920,16788,97.99,IDLE
2026-03-13T22:37:26.657411,271709,-660,920,16804,81.96,IDLE
2026-03-13T22:37:26.757537,271809,-1076,724,16888,84.42,IDLE
2026-03-13T22:37:26.857430,271909,-620,560,16796,91.00,IDLE
2026-03-13T22:37:26.957485,272009,-536,924,16884,92.80,IDLE
2026-03-13T22:37:27.057545,272109,-724,988,16760,96.44,IDLE
2026-03-13T22:37:27.157375,272209,-660,744,16780,79.94,IDLE
2026-03-13T22:37:27.257620,272309,-728,860,16792,69.21,IDLE
2026-03-13T22:37:27.357604,272409,-536,932,16808,59.01,IDLE
2026-03-13T22:37:27.459453,272509,-840,860,16820,52.09,IDLE
2026-03-13T22:37:27.557615,272609,-508,900,16872,50.04,IDLE
2026-03-13T22:37:27.657358,272709,-756,868,16624,84.20,IDLE
2026-03-13T22:37:27.757597,272809,-600,752,16792,97.08,IDLE
2026-03-13T22:37:27.857760,272909,-324,1232,16328,159.15,IDLE
2026-03-13T22:37:27.957628,273009,-632,1028,16720,199.96,IDLE
2026-03-13T22:37:28.057633,273109,-680,756,16704,169.11,IDLE
2026-03-13T22:37:28.157423,273209,-692,788,16692,140.47,IDLE
2026-03-13T22:37:28.257606,273309,-668,824,16764,128.26,IDLE
2026-03-13T22:37:28.357482,273409,-792,892,16744,107.17,IDLE
2026-03-13T22:37:28.459253,273509,-516,896,16796,95.32,IDLE
2026-03-13T22:37:28.557591,273609,-708,776,16780,80.85,IDLE
2026-03-13T22:37:28.657357,273709,-728,788,16888,85.96,IDLE
2026-03-13T22:37:28.757285,273809,-664,916,16872,72.67,IDLE
2026-03-13T22:37:28.857420,273909,-744,920,16840,64.70,IDLE
2026-03-13T22:37:28.957301,274009,-632,824,16760,69.14,IDLE
2026-03-13T22:37:29.057235,274109,-760,824,16688,68.67,IDLE
2026-03-13T22:37:29.157367,274209,-696,804,16840,82.94,IDLE
2026-03-13T22:37:29.257406,274309,-560,888,16772,80.38,IDLE
2026-03-13T22:37:29.357407,274409,-812,812,16808,73.53,IDLE
2026-03-13T22:37:29.459413,274509,-664,804,16884,72.72,IDLE
2026-03-13T22:37:29.557252,274609,-704,736,16748,84.33,IDLE
2026-03-13T22:37:29.657270,274709,-716,832,16776,75.08,IDLE
2026-03-13T22:37:29.757605,274809,-668,928,16624,88.31,IDLE
2026-03-13T22:37:29.857497,274909,-768,800,16724,89.96,IDLE
2026-03-13T22:37:29.957319,275009,-756,956,17000,124.69,IDLE
2026-03-13T22:37:30.057626,275109,-804,764,16768,145.26,IDLE
2026-03-13T22:37:30.157356,275209,-708,860,16828,129.95,IDLE
2026-03-13T22:37:30.257484,275309,-768,984,16708,126.41,IDLE
2026-03-13T22:37:30.357459,275409,-536,820,16760,109.78,IDLE
2026-03-13T22:37:30.459315,275509,-860,588,16820,101.47,IDLE
2026-03-13T22:37:30.557176,275609,-696,840,16784,89.12,IDLE
2026-03-13T22:37:30.657490,275709,-748,1180,16712,81.92,IDLE
2026-03-13T22:37:30.757363,275809,-520,784,16812,79.41,IDLE
2026-03-13T22:37:30.857608,275909,-616,848,16120,188.29,IDLE
2026-03-13T22:37:30.957627,276009,-1728,1188,16304,205.56,IDLE
2026-03-13T22:37:31.057459,276109,-228,560,16528,186.70,IDLE
2026-03-13T22:37:31.157407,276209,-280,816,16788,201.89,IDLE
2026-03-13T22:37:31.257605,276309,-1008,644,16596,196.35,IDLE
2026-03-13T22:37:31.357444,276409,-436,760,16748,184.74,IDLE
2026-03-13T22:37:31.459389,276509,-732,960,16712,154.25,IDLE
2026-03-13T22:37:31.557637,276609,-976,932,16864,155.71,IDLE
2026-03-13T22:37:31.657333,276709,-48,1464,16784,140.30,IDLE
2026-03-13T22:37:31.757646,276809,-1464,560,16892,136.07,IDLE
2026-03-13T22:37:31.857539,276909,-420,968,16836,128.77,IDLE
2026-03-13T22:37:31.957725,277009,-1060,736,16792,110.55,IDLE
2026-03-13T22:37:32.057213,277109,-224,604,16588,134.03,IDLE
2026-03-13T22:37:32.157353,277209,-856,624,16864,163.32,IDLE
2026-03-13T22:37:32.257564,277309,-668,1052,16832,137.37,IDLE
2026-03-13T22:37:32.357356,277409,-828,672,16756,128.51,IDLE
2026-03-13T22:37:32.459358,277509,-752,800,16728,110.04,IDLE
2026-03-13T22:37:32.557525,277609,-540,820,16748,92.53,IDLE
2026-03-13T22:37:32.657233,277709,-820,828,16860,98.10,IDLE
2026-03-13T22:37:32.757524,277809,-768,1000,16760,97.16,IDLE
2026-03-13T22:37:32.857184,277909,-360,908,16748,85.23,IDLE
2026-03-13T22:37:32.957283,278009,-1232,792,16740,74.84,IDLE
2026-03-13T22:37:33.057240,278109,-452,424,16752,68.66,IDLE
2026-03-13T22:37:33.157207,278209,-876,872,16752,62.43,IDLE
2026-03-13T22:37:33.257260,278309,-724,928,16752,51.96,IDLE
2026-03-13T22:37:33.357374,278409,-636,792,16816,52.21,IDLE
2026-03-13T22:37:33.459147,278509,-628,920,16580,84.08,IDLE
2026-03-13T22:37:33.557286,278609,-764,756,16784,105.13,IDLE
2026-03-13T22:37:33.656990,278709,-600,856,16720,98.04,IDLE
2026-03-13T22:37:33.757192,278809,-660,852,16664,90.08,IDLE
2026-03-13T22:37:33.857351,278909,-760,816,16816,101.61,IDLE
2026-03-13T22:37:33.957115,279009,-744,784,16848,88.66,IDLE
2026-03-13T22:37:34.057162,279109,-736,836,16812,78.78,IDLE
2026-03-13T22:37:34.157147,279209,-784,832,16732,78.62,IDLE
2026-03-13T22:37:34.257262,279309,-716,808,16744,65.86,IDLE
2026-03-13T22:37:34.357390,279409,-1208,868,17164,134.93,IDLE
2026-03-13T22:37:34.459059,279509,-552,956,16752,189.84,IDLE
2026-03-13T22:37:34.557293,279609,-788,848,16852,174.28,IDLE
2026-03-13T22:37:34.657246,279709,-760,848,16904,152.02,IDLE
2026-03-13T22:37:34.757281,279809,-632,704,16712,161.29,IDLE
2026-03-13T22:37:34.857225,279909,-712,824,16700,132.85,IDLE
2026-03-13T22:37:34.957200,280009,-864,844,16804,129.08,IDLE
2026-03-13T22:37:35.057297,280109,-648,900,16768,113.53,IDLE
2026-03-13T22:37:35.157321,280209,-952,708,16960,128.52,IDLE
2026-03-13T22:37:35.257247,280309,-508,924,16644,163.72,IDLE
2026-03-13T22:37:35.357281,280409,-468,896,16428,173.55,IDLE
2026-03-13T22:37:35.459139,280509,-676,832,16728,196.89,IDLE
2026-03-13T22:37:35.557338,280609,-704,904,16760,168.08,IDLE
2026-03-13T22:37:35.657212,280709,-652,772,16868,155.66,IDLE
2026-03-13T22:37:35.757469,280809,-704,836,16768,144.68,IDLE
2026-03-13T22:37:35.857030,280909,-636,808,16676,135.90,IDLE
2026-03-13T22:37:35.957297,281009,-804,820,16836,141.58,IDLE
2026-03-13T22:37:36.057231,281109,-704,916,16764,128.94,IDLE
2026-03-13T22:37:36.157169,281209,-600,792,16828,115.37,IDLE
2026-03-13T22:37:36.257315,281309,-644,796,16908,109.30,IDLE
2026-03-13T22:37:36.357274,281409,-740,832,16684,128.84,IDLE
2026-03-13T22:37:36.459036,281509,-660,796,16780,121.98,IDLE
2026-03-13T22:37:36.557166,281609,-644,800,16792,102.10,IDLE
2026-03-13T22:37:36.656971,281709,-704,756,16868,97.45,IDLE
2026-03-13T22:37:36.757367,281809,-696,852,16752,99.98,IDLE
2026-03-13T22:37:36.857268,281909,-724,920,16700,90.46,IDLE
2026-03-13T22:37:36.957168,282009,-668,804,16748,81.31,IDLE
2026-03-13T22:37:37.057105,282109,-720,792,16712,72.85,IDLE
2026-03-13T22:37:37.157128,282209,-616,832,16732,62.93,IDLE
2026-03-13T22:37:37.257348,282309,-816,840,16768,59.68,IDLE
2026-03-13T22:37:37.357095,282409,-692,816,16828,58.50,IDLE
2026-03-13T22:37:37.459415,282509,-616,796,16828,48.67,IDLE
2026-03-13T22:37:37.557312,282609,-644,796,16800,44.76,IDLE
2026-03-13T22:37:37.657161,282709,-772,852,16684,56.07,IDLE
2026-03-13T22:37:37.757161,282809,-692,744,16696,46.57,IDLE
2026-03-13T22:37:37.857220,282909,-756,800,16760,50.65,IDLE
2026-03-13T22:37:37.957290,283009,-680,848,16728,47.44,IDLE
2026-03-13T22:37:38.057051,283109,-676,780,16816,54.09,IDLE
2026-03-13T22:37:38.157159,283209,-708,924,16780,49.27,IDLE
2026-03-13T22:37:38.257370,283309,-732,796,16772,42.83,IDLE
2026-03-13T22:37:38.357286,283409,-712,888,16656,55.28,IDLE
2026-03-13T22:37:38.459237,283509,-680,840,16848,79.13,IDLE
2026-03-13T22:37:38.557347,283609,-680,860,16772,78.36,IDLE
2026-03-13T22:37:38.657044,283709,-640,804,16888,84.31,IDLE
2026-03-13T22:37:38.757286,283809,-736,820,16784,86.97,IDLE
2026-03-13T22:37:38.857172,283909,-760,796,16808,75.61,IDLE
2026-03-13T22:37:38.956978,284009,-564,816,16724,78.31,IDLE
2026-03-13T22:37:39.057010,284109,-792,840,16588,86.76,IDLE
2026-03-13T22:37:39.157130,284209,-704,816,16872,121.23,IDLE
2026-03-13T22:37:39.257219,284309,-724,788,16776,116.74,IDLE
2026-03-13T22:37:39.357279,284409,-664,856,16812,102.35,IDLE
2026-03-13T22:37:39.459127,284509,-768,844,16656,111.25,IDLE
2026-03-13T22:37:39.557122,284609,-440,672,16568,110.59,IDLE
2026-03-13T22:37:39.657155,284709,-812,848,16812,138.47,IDLE
2026-03-13T22:37:39.757134,284809,-688,872,16772,121.51,IDLE
2026-03-13T22:37:39.856948,284909,-776,808,16756,102.39,IDLE
2026-03-13T22:37:39.957232,285009,-592,904,16824,95.71,IDLE
2026-03-13T22:37:40.056846,285109,-776,820,16808,80.79,IDLE
2026-03-13T22:37:40.156998,285209,-696,868,16716,82.96,IDLE
2026-03-13T22:37:40.257084,285309,-672,872,16812,85.13,IDLE
2026-03-13T22:37:40.357056,285409,-700,788,16708,89.03,IDLE
2026-03-13T22:37:40.458985,285509,-672,868,16756,82.13,IDLE
2026-03-13T22:37:40.557012,285609,-652,756,16700,78.53,IDLE
2026-03-13T22:37:40.656961,285709,-644,752,16704,65.02,IDLE
2026-03-13T22:37:40.756994,285809,-712,856,16920,93.51,IDLE
2026-03-13T22:37:40.857107,285909,-732,832,16732,110.51,IDLE
2026-03-13T22:37:40.957234,286009,-644,840,16812,104.41,IDLE
2026-03-13T22:37:41.057261,286109,-724,1016,16796,86.16,IDLE
2026-03-13T22:37:41.156834,286209,-716,712,16796,73.52,IDLE
2026-03-13T22:37:41.256889,286309,-640,728,16780,63.59,IDLE
2026-03-13T22:37:41.357205,286409,-744,668,16732,60.45,IDLE
2026-03-13T22:37:41.459202,286509,-644,856,16728,49.64,IDLE
2026-03-13T22:37:41.557242,286609,-972,832,16812,58.41,IDLE
2026-03-13T22:37:41.656997,286709,-692,888,16796,52.74,IDLE
2026-03-13T22:37:41.757132,286809,-776,748,16804,44.12,IDLE
2026-03-13T22:37:41.857103,286909,-708,812,16768,42.65,IDLE
2026-03-13T22:37:41.956987,287009,-644,792,16712,45.67,IDLE
2026-03-13T22:37:42.057101,287109,-700,800,16768,47.98,IDLE
2026-03-13T22:37:42.156921,287209,-768,828,16696,51.50,IDLE
2026-03-13T22:37:42.256874,287309,-772,852,16632,53.47,IDLE
2026-03-13T22:37:42.357184,287409,-692,800,16684,52.09,IDLE
2026-03-13T22:37:42.459109,287509,-676,732,16656,48.42,IDLE
2026-03-13T22:37:42.557179,287609,-688,960,16772,62.70,IDLE
2026-03-13T22:37:42.656983,287709,-568,640,16880,67.28,IDLE
2026-03-13T22:37:42.757150,287809,-696,660,16964,71.27,IDLE
2026-03-13T22:37:42.857047,287909,-600,816,16680,108.91,IDLE
2026-03-13T22:37:42.956942,288009,-580,780,16736,98.93,IDLE
2026-03-13T22:37:43.057030,288109,-764,704,16880,107.71,IDLE
2026-03-13T22:37:43.157029,288209,-548,772,16668,127.40,IDLE
2026-03-13T22:37:43.257117,288309,-668,876,16652,105.63,IDLE
2026-03-13T22:37:43.356803,288409,-672,780,16720,98.01,IDLE
2026-03-13T22:37:43.459081,288509,-632,788,16828,99.56,IDLE
2026-03-13T22:37:43.557055,288610,-932,708,16848,87.09,IDLE
2026-03-13T22:37:43.756915,288809,-688,892,16808,103.61,IDLE
2026-03-13T22:37:43.856795,288909,-756,872,16752,94.68,IDLE
2026-03-13T22:37:43.956704,289009,-648,760,16800,84.47,IDLE
2026-03-13T22:37:44.056958,289109,-772,924,16776,71.16,IDLE
2026-03-13T22:37:44.157076,289209,-696,892,16744,65.00,IDLE
2026-03-13T22:37:44.256952,289309,-936,780,16868,76.66,IDLE
2026-03-13T22:37:44.357093,289409,-444,860,16808,76.56,IDLE
2026-03-13T22:37:44.459076,289509,-732,876,16688,82.37,IDLE
2026-03-13T22:37:44.557078,289609,-436,884,16720,71.51,IDLE
2026-03-13T22:37:44.657069,289709,-608,804,16428,110.86,IDLE
2026-03-13T22:37:44.757016,289809,-364,792,16700,138.40,IDLE
2026-03-13T22:37:44.857228,289909,-848,804,16796,133.98,IDLE
2026-03-13T22:37:44.957097,290009,-516,968,16812,111.87,IDLE
2026-03-13T22:37:45.057116,290109,-1132,756,17048,137.55,IDLE
2026-03-13T22:37:45.157224,290209,-724,732,16796,162.24,IDLE
2026-03-13T22:37:45.256995,290309,-612,876,16844,142.10,IDLE
2026-03-13T22:37:45.356979,290409,-656,860,16720,138.64,IDLE
2026-03-13T22:37:45.458728,290509,-696,784,16712,115.51,IDLE
2026-03-13T22:37:45.557040,290609,-680,676,16968,139.76,IDLE
2026-03-13T22:37:45.657104,290709,-620,760,16668,168.28,IDLE
2026-03-13T22:37:45.757184,290809,-584,780,16664,138.78,IDLE
2026-03-13T22:37:45.856775,290909,-848,668,16772,134.36,IDLE
2026-03-13T22:37:45.957202,291009,-912,832,17028,158.05,IDLE
2026-03-13T22:37:46.057131,291109,-752,592,16700,191.76,IDLE
2026-03-13T22:37:46.156973,291209,-824,796,16860,188.11,IDLE
2026-03-13T22:37:46.257056,291309,-812,912,16820,160.48,IDLE
2026-03-13T22:37:46.357033,291409,-780,704,16924,148.21,IDLE
2026-03-13T22:37:46.459002,291509,-708,676,16744,154.65,IDLE
2026-03-13T22:37:46.557226,291609,-760,748,16800,137.83,IDLE
2026-03-13T22:37:46.657161,291709,-772,660,16800,113.59,IDLE
2026-03-13T22:37:46.757083,291809,-648,808,16664,117.35,IDLE
2026-03-13T22:37:46.857035,291909,-928,760,17040,165.71,IDLE
2026-03-13T22:37:46.956950,292009,-584,916,16788,182.51,IDLE
2026-03-13T22:37:47.056950,292109,-536,876,16664,172.61,IDLE
2026-03-13T22:37:47.156871,292209,-556,768,16652,144.54,IDLE
2026-03-13T22:37:47.257192,292309,-1220,812,17020,191.24,IDLE
2026-03-13T22:37:47.356866,292409,-688,784,16660,227.08,IDLE
2026-03-13T22:37:47.458834,292509,-628,816,16604,196.42,IDLE
2026-03-13T22:37:47.557057,292609,-672,800,16752,187.82,IDLE
2026-03-13T22:37:47.657009,292709,-976,724,16824,169.00,IDLE
2026-03-13T22:37:47.756721,292809,-452,884,16636,174.98,IDLE
2026-03-13T22:37:47.856845,292909,-816,820,16892,191.36,IDLE
2026-03-13T22:37:47.956741,293009,-768,812,16764,180.38,IDLE
2026-03-13T22:37:48.056926,293109,-724,856,16804,155.14,IDLE
2026-03-13T22:37:48.156812,293209,-688,764,16732,141.22,IDLE
2026-03-13T22:37:48.256762,293309,-660,776,16792,126.47,IDLE
2026-03-13T22:37:48.356888,293409,-780,776,16756,109.25,IDLE
2026-03-13T22:37:48.458702,293509,-780,760,16776,93.05,IDLE
2026-03-13T22:37:48.556842,293609,-708,784,16804,80.95,IDLE
2026-03-13T22:37:48.656750,293709,-724,712,16704,84.80,IDLE
2026-03-13T22:37:48.756686,293809,-716,860,16832,93.71,IDLE
2026-03-13T22:37:48.856708,293909,-684,772,16796,84.32,IDLE
2026-03-13T22:37:48.956719,294009,-696,756,16808,71.26,IDLE
2026-03-13T22:37:49.056699,294109,-1012,596,16788,60.29,IDLE
2026-03-13T22:37:49.156887,294209,-164,768,16280,144.86,IDLE
2026-03-13T22:37:49.256946,294309,-832,840,16860,227.23,IDLE
2026-03-13T22:37:49.356904,294409,-720,788,16752,207.11,IDLE
2026-03-13T22:37:49.458735,294509,-704,780,16744,171.45,IDLE
2026-03-13T22:37:49.556827,294609,-684,744,16816,153.08,IDLE
2026-03-13T22:37:49.656900,294709,-680,800,16716,143.06,IDLE
2026-03-13T22:37:49.756924,294809,-732,768,16796,131.81,IDLE
2026-03-13T22:37:49.856896,294909,-604,892,16636,136.64,IDLE
2026-03-13T22:37:49.956906,295009,-672,828,16644,113.35,IDLE
2026-03-13T22:37:50.056866,295109,-664,768,16808,121.84,IDLE
2026-03-13T22:37:50.156908,295209,-744,632,16680,123.33,IDLE
2026-03-13T22:37:50.256908,295309,-540,820,16624,111.13,IDLE
2026-03-13T22:37:50.356839,295409,-752,788,16820,127.53,IDLE
2026-03-13T22:37:50.458712,295509,-648,844,16704,125.71,IDLE
2026-03-13T22:37:50.556754,295609,-744,820,16736,109.33,IDLE
2026-03-13T22:37:50.656851,295709,-660,852,16676,100.77,IDLE
2026-03-13T22:37:50.756793,295809,-768,868,16680,84.33,IDLE
2026-03-13T22:37:50.856863,295909,-748,824,16868,102.35,IDLE
2026-03-13T22:37:50.956833,296009,-676,760,16796,97.95,IDLE
2026-03-13T22:37:51.056808,296109,-624,800,16660,104.78,IDLE
2026-03-13T22:37:51.157112,296209,-708,748,16760,104.06,IDLE
2026-03-13T22:37:51.256688,296309,-752,804,16772,88.29,IDLE
2026-03-13T22:37:51.356644,296409,-700,800,16704,85.05,IDLE
2026-03-13T22:37:51.458863,296509,-712,840,16876,101.08,IDLE
2026-03-13T22:37:51.557106,296609,-688,808,16696,115.68,IDLE
2026-03-13T22:37:51.656737,296709,-632,780,16672,99.81,IDLE
2026-03-13T22:37:51.756753,296809,-712,816,16832,111.47,IDLE
2026-03-13T22:37:51.856735,296909,-684,760,16744,107.90,IDLE
2026-03-13T22:37:51.956638,297009,-656,760,16772,93.31,IDLE
2026-03-13T22:37:52.056670,297109,-696,780,16712,86.83,IDLE
2026-03-13T22:37:52.156707,297209,-708,736,16724,73.09,IDLE
2026-03-13T22:37:52.256810,297309,-672,756,16848,82.11,IDLE
2026-03-13T22:37:52.356549,297409,-648,764,16820,72.46,IDLE
2026-03-13T22:37:52.458678,297509,-740,800,16800,62.03,IDLE
2026-03-13T22:37:52.556851,297610,-692,824,16736,62.52,IDLE
2026-03-13T22:37:52.756691,297809,-652,800,16728,43.77,IDLE
2026-03-13T22:37:52.856838,297909,-904,780,16796,50.04,IDLE
2026-03-13T22:37:52.956690,298009,-696,760,16820,43.40,IDLE
2026-03-13T22:37:53.056727,298109,-764,796,16752,46.97,IDLE
2026-03-13T22:37:53.156943,298209,-696,756,16852,55.62,IDLE
2026-03-13T22:37:53.256626,298309,-764,820,16692,73.27,IDLE
2026-03-13T22:37:53.356906,298409,-656,796,16760,71.27,IDLE
2026-03-13T22:37:53.458625,298509,-660,780,16836,71.99,IDLE
2026-03-13T22:37:53.556645,298609,-672,728,16764,72.30,IDLE
2026-03-13T22:37:53.656735,298709,-712,808,16728,64.80,IDLE
2026-03-13T22:37:53.756753,298809,-752,748,16812,68.04,IDLE
2026-03-13T22:37:53.856839,298909,-644,760,16712,74.47,IDLE
2026-03-13T22:37:53.956601,299009,-676,792,16712,61.56,IDLE
2026-03-13T22:37:54.056620,299109,-724,712,16812,68.16,IDLE
2026-03-13T22:37:54.156613,299209,-632,668,16716,74.14,IDLE
2026-03-13T22:37:54.256720,299309,-760,768,16820,81.20,IDLE
2026-03-13T22:37:54.356659,299409,-676,804,16736,82.02,IDLE
2026-03-13T22:37:54.458528,299509,-716,784,16816,81.75,IDLE
2026-03-13T22:37:54.556691,299609,-684,780,16792,71.62,IDLE
2026-03-13T22:37:54.657034,299709,-728,800,16760,63.98,IDLE
2026-03-13T22:37:54.756386,299809,-672,788,16836,65.59,IDLE
2026-03-13T22:37:54.856403,299909,-700,804,16792,61.35,IDLE
2026-03-13T22:37:54.956460,300009,-660,756,16816,53.93,IDLE
2026-03-13T22:37:55.056398,300109,-756,788,16872,55.27,IDLE
2026-03-13T22:37:55.156396,300209,-708,776,16720,73.10,IDLE
2026-03-13T22:37:55.256389,300309,-676,800,16776,69.97,IDLE
2026-03-13T22:37:55.356408,300409,-756,736,16792,60.34,IDLE
2026-03-13T22:37:55.458558,300509,-756,648,16792,50.13,IDLE
2026-03-13T22:37:55.556419,300609,-624,696,16764,46.77,IDLE
2026-03-13T22:37:55.656382,300709,-668,824,16776,41.85,IDLE
2026-03-13T22:37:55.756373,300809,-320,840,16768,37.45,IDLE
2026-03-13T22:37:55.856720,300909,-716,784,16796,37.45,IDLE
2026-03-13T22:37:55.956357,301009,-800,876,16756,36.40,IDLE
2026-03-13T22:37:56.056415,301109,-460,716,16708,42.14,IDLE
2026-03-13T22:37:56.156458,301209,-676,704,16748,42.97,IDLE
2026-03-13T22:37:56.256412,301309,-660,836,16696,43.60,IDLE
2026-03-13T22:37:56.356358,301409,-680,728,16880,68.05,IDLE
2026-03-13T22:37:56.458465,301509,-816,772,16900,60.83,IDLE
2026-03-13T22:37:56.556523,301609,-632,728,16640,98.37,IDLE
2026-03-13T22:37:56.656702,301709,-676,768,16812,112.20,IDLE
2026-03-13T22:37:56.756623,301809,-668,848,16712,109.33,IDLE
2026-03-13T22:37:56.856528,301909,-724,804,16764,99.02,IDLE
2026-03-13T22:37:56.956713,302009,-856,792,16912,108.79,IDLE
2026-03-13T22:37:57.056692,302109,-680,836,16816,107.51,IDLE
2026-03-13T22:37:57.156677,302209,-604,808,16700,109.76,IDLE
2026-03-13T22:37:57.256667,302309,-772,732,16812,110.74,IDLE
2026-03-13T22:37:57.356593,302409,-648,828,16788,95.26,IDLE
2026-03-13T22:37:57.458641,302509,-804,808,16764,81.39,IDLE
2026-03-13T22:37:57.556525,302609,-668,640,16792,69.39,IDLE
2026-03-13T22:37:57.656457,302709,-944,668,16864,72.41,IDLE
2026-03-13T22:37:57.756650,302809,-960,684,17096,101.31,IDLE
2026-03-13T22:37:57.856659,302909,-716,712,16776,142.52,IDLE
2026-03-13T22:37:57.956805,303009,-780,724,16828,126.81,IDLE
2026-03-13T22:37:58.056699,303109,-640,740,16716,125.05,IDLE
2026-03-13T22:37:58.156704,303209,-780,732,16760,111.45,IDLE
2026-03-13T22:37:58.256527,303309,-648,780,16768,92.20,IDLE
2026-03-13T22:37:58.356613,303409,-744,764,16732,81.49,IDLE
2026-03-13T22:37:58.458627,303509,-688,808,16768,73.23,IDLE
2026-03-13T22:37:58.556439,303609,-768,708,16748,63.83,IDLE
2026-03-13T22:37:58.656460,303709,-628,788,16744,53.46,IDLE
2026-03-13T22:37:58.756468,303809,-784,776,16760,47.80,IDLE
2026-03-13T22:37:58.856436,303909,-716,688,16868,57.36,IDLE
2026-03-13T22:37:58.956382,304009,-684,792,16824,54.36,IDLE
2026-03-13T22:37:59.056431,304109,-720,824,16832,46.56,IDLE
2026-03-13T22:37:59.156517,304209,-688,784,16844,39.75,IDLE
2026-03-13T22:37:59.256547,304309,-676,764,16716,55.85,IDLE
2026-03-13T22:37:59.356570,304409,-592,700,16768,54.06,IDLE
2026-03-13T22:37:59.458484,304509,-660,748,16792,49.47,IDLE
2026-03-13T22:37:59.556626,304609,-784,776,16844,51.09,IDLE
2026-03-13T22:37:59.656528,304709,-572,716,16816,48.94,IDLE
2026-03-13T22:37:59.756563,304809,-744,744,16752,50.20,IDLE
2026-03-13T22:37:59.856493,304909,-712,792,16776,45.62,IDLE
2026-03-13T22:37:59.956529,305009,-768,748,16752,41.64,IDLE
2026-03-13T22:38:00.056491,305109,-524,704,16640,56.31,IDLE
2026-03-13T22:38:00.156544,305209,-800,724,16784,74.17,IDLE
2026-03-13T22:38:00.256515,305309,-804,844,16876,78.38,IDLE
2026-03-13T22:38:00.356592,305409,-476,816,16656,106.29,IDLE
2026-03-13T22:38:00.458549,305509,-688,768,16716,98.86,IDLE
2026-03-13T22:38:00.556321,305610,-628,744,16824,99.85,IDLE
2026-03-13T22:38:00.756310,305809,-532,700,16696,90.50,IDLE
